DATE,NO. OF EVENTS,CUMULATIVE COUNT,REMARKS
1992/01/01,0,0,
1992/01/02,0,0,
1992/01/03,0,0,
1992/01/04,0,0,
1992/01/05,0,0,
1992/01/06,0,0,
1992/01/07,0,0,
1992/01/08,0,0,
1992/01/09,0,0,
1992/01/10,0,0,
1992/01/11,0,0,
1992/01/12,0,0,
1992/01/13,0,0,
1992/01/14,0,0,
1992/01/15,0,0,
1992/01/16,0,0,
1992/01/17,0,0,
1992/01/18,0,0,
1992/01/19,0,0,
1992/01/20,0,0,
1992/01/21,0,0,
1992/01/22,0,0,
1992/01/23,0,0,
1992/01/24,1,1,
1992/01/25,0,1,
1992/01/26,0,1,
1992/01/27,0,1,
1992/01/28,0,1,
1992/01/29,0,1,
1992/01/30,0,1,
1992/01/31,0,1,
1992/02/01,0,1,
1992/02/02,0,1,
1992/02/03,0,1,
1992/02/04,0,1,
1992/02/05,0,1,
1992/02/06,0,1,
1992/02/07,0,1,
1992/02/08,0,1,
1992/02/09,0,1,
1992/02/10,0,1,
1992/02/11,0,1,
1992/02/12,0,1,
1992/02/13,0,1,
1992/02/14,0,1,
1992/02/15,0,1,
1992/02/16,0,1,
1992/02/17,0,1,
1992/02/18,0,1,
1992/02/19,0,1,
1992/02/20,0,1,
1992/02/21,0,1,
1992/02/22,6,7,
1992/02/23,0,7,
1992/02/24,0,7,
1992/02/25,0,7,
1992/02/26,0,7,
1992/02/27,0,7,
1992/02/28,0,7,
1992/02/29,0,7,
1992/03/01,0,7,
1992/03/02,0,7,
1992/03/03,0,7,
1992/03/04,0,7,
1992/03/05,0,7,
1992/03/06,0,7,
1992/03/07,0,7,
1992/03/08,0,7,
1992/03/09,0,7,
1992/03/10,0,7,
1992/03/11,0,7,
1992/03/12,0,7,
1992/03/13,0,7,
1992/03/14,0,7,
1992/03/15,0,7,
1992/03/16,0,7,
1992/03/17,0,7,
1992/03/18,0,7,
1992/03/19,0,7,
1992/03/20,0,7,
1992/03/21,0,7,
1992/03/22,0,7,
1992/03/23,0,7,
1992/03/24,0,7,
1992/03/25,0,7,
1992/03/26,0,7,
1992/03/27,0,7,
1992/03/28,0,7,
1992/03/29,0,7,
1992/03/30,0,7,
1992/03/31,0,7,
1992/04/01,0,7,
1992/04/02,0,7,
1992/04/03,0,7,
1992/04/04,0,7,
1992/04/05,0,7,
1992/04/06,0,7,
1992/04/07,0,7,
1992/04/08,0,7,
1992/04/09,1,8,
1992/04/10,0,8,
1992/04/11,0,8,
1992/04/12,0,8,
1992/04/13,0,8,
1992/04/14,0,8,
1992/04/15,1,9,
1992/04/16,0,9,
1992/04/17,0,9,
1992/04/18,0,9,
1992/04/19,0,9,
1992/04/20,0,9,
1992/04/21,0,9,
1992/04/22,0,9,
1992/04/23,0,9,
1992/04/24,0,9,
1992/04/25,0,9,
1992/04/26,0,9,
1992/04/27,0,9,
1992/04/28,0,9,
1992/04/29,1,10,
1992/04/30,0,10,
1992/05/01,0,10,
1992/05/02,0,10,
1992/05/03,0,10,
1992/05/04,0,10,
1992/05/05,2,12,
1992/05/06,2,14,
1992/05/07,0,14,
1992/05/08,0,14,
1992/05/09,0,14,
1992/05/10,0,14,
1992/05/11,0,14,
1992/05/12,0,14,
1992/05/13,0,14,
1992/05/14,0,14,
1992/05/15,0,14,
1992/05/16,0,14,
1992/05/17,0,14,
1992/05/18,0,14,
1992/05/19,0,14,
1992/05/20,0,14,
1992/05/21,0,14,
1992/05/22,0,14,
1992/05/23,0,14,
1992/05/24,0,14,
1992/05/25,0,14,
1992/05/26,0,14,
1992/05/27,0,14,
1992/05/28,0,14,
1992/05/29,0,14,
1992/05/30,0,14,
1992/05/31,0,14,
1992/06/01,0,14,
1992/06/02,0,14,
1992/06/03,0,14,
1992/06/04,0,14,
1992/06/05,0,14,
1992/06/06,0,14,
1992/06/07,0,14,
1992/06/08,0,14,
1992/06/09,0,14,
1992/06/10,0,14,
1992/06/11,0,14,
1992/06/12,0,14,
1992/06/13,0,14,
1992/06/14,1,15,
1992/06/15,0,15,
1992/06/16,0,15,
1992/06/17,0,15,
1992/06/18,0,15,
1992/06/19,0,15,
1992/06/20,0,15,
1992/06/21,0,15,
1992/06/22,0,15,
1992/06/23,0,15,
1992/06/24,0,15,
1992/06/25,0,15,
1992/06/26,0,15,
1992/06/27,0,15,
1992/06/28,1,16,
1992/06/29,0,16,
1992/06/30,0,16,
1992/07/01,0,16,
1992/07/02,0,16,
1992/07/03,0,16,
1992/07/04,0,16,
1992/07/05,0,16,OFF AIR
1992/07/06,0,16,
1992/07/07,0,16,
1992/07/08,0,16,
1992/07/09,0,16,
1992/07/10,1,17,
1992/07/11,0,17,
1992/07/12,0,17,
1992/07/13,0,17,
1992/07/14,0,17,
1992/07/15,0,17,
1992/07/16,0,17,
1992/07/17,0,17,
1992/07/18,0,17,
1992/07/19,0,17,
1992/07/20,0,17,
1992/07/21,0,17,
1992/07/22,0,17,
1992/07/23,0,17,
1992/07/24,0,17,
1992/07/25,0,17,
1992/07/26,0,17,
1992/07/27,0,17,
1992/07/28,0,17,
1992/07/29,0,17,
1992/07/30,0,17,
1992/07/31,0,17,
1992/08/01,0,17,
1992/08/02,0,17,
1992/08/03,0,17,
1992/08/04,0,17,
1992/08/05,0,17,
1992/08/06,0,17,
1992/08/07,0,17,
1992/08/08,0,17,
1992/08/09,88,105,
1992/08/10,1,106,
1992/08/11,2,108,
1992/08/12,0,108,
1992/08/13,0,108,
1992/08/14,0,108,
1992/08/15,0,108,
1992/08/16,0,108,
1992/08/17,0,108,
1992/08/18,0,108,
1992/08/19,0,108,
1992/08/20,0,108,
1992/08/21,0,108,
1992/08/22,0,108,
1992/08/23,0,108,
1992/08/24,0,108,
1992/08/25,0,108,
1992/08/26,0,108,
1992/08/27,46,154,
1992/08/28,1,155,
1992/08/29,0,155,
1992/08/30,0,155,
1992/08/31,0,155,
1992/09/01,0,155,
1992/09/02,1,156,
1992/09/03,0,156,
1992/09/04,0,156,
1992/09/05,2,158,
1992/09/06,2,160,
1992/09/07,1,161,
1992/09/08,0,161,
1992/09/09,3,164,
1992/09/10,0,164,
1992/09/11,2,166,
1992/09/12,1,167,
1992/09/13,0,167,
1992/09/14,0,167,
1992/09/15,0,167,
1992/09/16,0,167,
1992/09/17,0,167,
1992/09/18,0,167,
1992/09/19,0,167,
1992/09/20,6,173,
1992/09/21,24,197,
1992/09/22,8,205,
1992/09/23,0,205,
1992/09/24,6,211,
1992/09/25,0,211,
1992/09/26,0,211,
1992/09/27,1,212,
1992/09/28,0,212,
1992/09/29,1,213,
1992/09/30,0,213,
1992/10/01,0,213,
1992/10/02,0,213,
1992/10/03,0,213,
1992/10/04,0,213,
1992/10/05,0,213,
1992/10/06,0,213,
1992/10/07,0,213,
1992/10/08,0,213,
1992/10/09,0,213,
1992/10/10,0,213,
1992/10/11,0,213,
1992/10/12,2,215,
1992/10/13,0,215,
1992/10/14,0,215,
1992/10/15,1,216,
1992/10/16,0,216,
1992/10/17,0,216,
1992/10/18,0,216,
1992/10/19,0,216,
1992/10/20,0,216,
1992/10/21,0,216,
1992/10/22,0,216,
1992/10/23,0,216,
1992/10/24,0,216,
1992/10/25,0,216,
1992/10/26,0,216,
1992/10/27,0,216,
1992/10/28,0,216,
1992/10/29,0,216,
1992/10/30,0,216,
1992/10/31,0,216,
1992/11/01,0,216,
1992/11/02,0,216,
1992/11/03,0,216,
1992/11/04,0,216,
1992/11/05,0,216,
1992/11/06,0,216,
1992/11/07,0,216,
1992/11/08,0,216,
1992/11/09,0,216,
1992/11/10,0,216,
1992/11/11,0,216,
1992/11/12,0,216,
1992/11/13,0,216,
1992/11/14,0,216,
1992/11/15,0,216,
1992/11/16,0,216,
1992/11/17,0,216,
1992/11/18,0,216,
1992/11/19,0,216,
1992/11/20,0,216,
1992/11/21,0,216,
1992/11/22,0,216,
1992/11/23,0,216,
1992/11/24,0,216,
1992/11/25,0,216,
1992/11/26,0,216,
1992/11/27,0,216,
1992/11/28,0,216,
1992/11/29,0,216,
1992/11/30,0,216,
1992/12/01,0,216,
1992/12/02,0,216,
1992/12/03,0,216,
1992/12/04,0,216,
1992/12/05,0,216,
1992/12/06,3,219,
1992/12/07,0,219,
1992/12/08,0,219,
1992/12/09,0,219,
1992/12/10,0,219,
1992/12/11,0,219,
1992/12/12,0,219,
1992/12/13,0,219,
1992/12/14,0,219,
1992/12/15,0,219,
1992/12/16,0,219,
1992/12/17,0,219,
1992/12/18,0,219,
1992/12/19,1,220,
1992/12/20,0,220,
1992/12/21,0,220,
1992/12/22,0,220,
1992/12/23,0,220,
1992/12/24,0,220,
1992/12/25,0,220,
1992/12/26,0,220,
1992/12/27,0,220,
1992/12/28,0,220,
1992/12/29,0,220,
1992/12/30,0,220,
1992/12/31,0,220,
1993/01/01,0,220,
1993/01/02,0,220,
1993/01/03,0,220,
1993/01/04,0,220,
1993/01/05,0,220,
1993/01/06,0,220,
1993/01/07,0,220,
1993/01/08,0,220,
1993/01/09,0,220,
1993/01/10,0,220,
1993/01/11,0,220,
1993/01/12,0,220,
1993/01/13,0,220,
1993/01/14,0,220,
1993/01/15,7,227,
1993/01/16,1,228,
1993/01/17,0,228,
1993/01/18,0,228,
1993/01/19,0,228,
1993/01/20,0,228,
1993/01/21,0,228,
1993/01/22,1,229,
1993/01/23,0,229,
1993/01/24,1,230,
1993/01/25,0,230,
1993/01/26,0,230,
1993/01/27,0,230,
1993/01/28,0,230,
1993/01/29,0,230,
1993/01/30,0,230,
1993/01/31,0,230,
1993/02/01,0,230,
1993/02/02,0,230,
1993/02/03,0,230,
1993/02/04,0,230,
1993/02/05,0,230,
1993/02/06,0,230,
1993/02/07,0,230,
1993/02/08,0,230,
1993/02/09,0,230,
1993/02/10,0,230,
1993/02/11,0,230,
1993/02/12,0,230,
1993/02/13,0,230,
1993/02/14,0,230,
1993/02/15,0,230,
1993/02/16,0,230,
1993/02/17,0,230,
1993/02/18,2,232,
1993/02/19,0,232,
1993/02/20,0,232,
1993/02/21,0,232,
1993/02/22,0,232,
1993/02/23,0,232,
1993/02/24,0,232,
1993/02/25,0,232,
1993/02/26,0,232,
1993/02/27,0,232,
1993/02/28,1,233,
1993/03/01,0,233,
1993/03/02,0,233,
1993/03/03,0,233,
1993/03/04,0,233,
1993/03/05,0,233,
1993/03/06,0,233,
1993/03/07,0,233,
1993/03/08,0,233,
1993/03/09,0,233,
1993/03/10,0,233,
1993/03/11,1,234,
1993/03/12,0,234,
1993/03/13,0,234,
1993/03/14,1,235,
1993/03/15,0,235,
1993/03/16,0,235,
1993/03/17,0,235,
1993/03/18,0,235,
1993/03/19,0,235,
1993/03/20,0,235,
1993/03/21,0,235,
1993/03/22,0,235,
1993/03/23,0,235,
1993/03/24,0,235,
1993/03/25,1,236,
1993/03/26,0,236,
1993/03/27,0,236,
1993/03/28,0,236,
1993/03/29,0,236,
1993/03/30,0,236,
1993/03/31,0,236,
1993/04/01,0,236,
1993/04/02,0,236,
1993/04/03,0,236,
1993/04/04,0,236,
1993/04/05,0,236,
1993/04/06,0,236,
1993/04/07,0,236,
1993/04/08,0,236,
1993/04/09,0,236,
1993/04/10,0,236,
1993/04/11,0,236,
1993/04/12,0,236,
1993/04/13,0,236,
1993/04/14,0,236,
1993/04/15,0,236,
1993/04/16,0,236,
1993/04/17,0,236,
1993/04/18,3,239,
1993/04/19,0,239,
1993/04/20,0,239,
1993/04/21,0,239,
1993/04/22,0,239,
1993/04/23,0,239,
1993/04/24,0,239,
1993/04/25,0,239,
1993/04/26,0,239,
1993/04/27,13,252,
1993/04/28,4,256,
1993/04/29,0,256,
1993/04/30,0,256,
1993/05/01,0,256,
1993/05/02,0,256,
1993/05/03,0,256,
1993/05/04,0,256,
1993/05/05,0,256,
1993/05/06,0,256,
1993/05/07,0,256,
1993/05/08,4,260,
1993/05/09,0,260,
1993/05/10,0,260,
1993/05/11,0,260,
1993/05/12,0,260,
1993/05/13,0,260,
1993/05/14,0,260,
1993/05/15,1,261,
1993/05/16,0,261,
1993/05/17,0,261,
1993/05/18,2,263,
1993/05/19,0,263,
1993/05/20,0,263,
1993/05/21,0,263,
1993/05/22,0,263,
1993/05/23,0,263,
1993/05/24,0,263,
1993/05/25,0,263,
1993/05/26,0,263,
1993/05/27,0,263,
1993/05/28,0,263,
1993/05/29,1,264,
1993/05/30,0,264,
1993/05/31,0,264,
1993/06/01,0,264,
1993/06/02,0,264,
1993/06/03,2,266,
1993/06/04,0,266,
1993/06/05,0,266,
1993/06/06,9,275,
1993/06/07,1,276,
1993/06/08,0,276,
1993/06/09,0,276,
1993/06/10,0,276,
1993/06/11,0,276,
1993/06/12,0,276,
1993/06/13,0,276,
1993/06/14,0,276,
1993/06/15,0,276,
1993/06/16,0,276,
1993/06/17,0,276,
1993/06/18,0,276,
1993/06/19,0,276,
1993/06/20,0,276,
1993/06/21,0,276,
1993/06/22,0,276,
1993/06/23,0,276,
1993/06/24,0,276,
1993/06/25,0,276,
1993/06/26,0,276,
1993/06/27,0,276,
1993/06/28,0,276,
1993/06/29,0,276,
1993/06/30,0,276,
1993/07/01,0,276,
1993/07/02,0,276,
1993/07/03,0,276,
1993/07/04,0,276,
1993/07/05,0,276,
1993/07/06,0,276,
1993/07/07,0,276,
1993/07/08,0,276,
1993/07/09,0,276,
1993/07/10,0,276,
1993/07/11,0,276,
1993/07/12,0,276,
1993/07/13,0,276,
1993/07/14,0,276,
1993/07/15,0,276,
1993/07/16,0,276,
1993/07/17,0,276,
1993/07/18,0,276,
1993/07/19,0,276,
1993/07/20,0,276,
1993/07/21,0,276,
1993/07/22,0,276,
1993/07/23,0,276,
1993/07/24,0,276,
1993/07/25,0,276,
1993/07/26,0,276,
1993/07/27,0,276,
1993/07/28,0,276,
1993/07/29,0,276,
1993/07/30,0,276,
1993/07/31,0,276,
1993/08/01,0,276,
1993/08/02,0,276,
1993/08/03,0,276,
1993/08/04,0,276,
1993/08/05,0,276,
1993/08/06,0,276,
1993/08/07,0,276,
1993/08/08,0,276,
1993/08/09,0,276,
1993/08/10,0,276,
1993/08/11,0,276,
1993/08/12,0,276,
1993/08/13,0,276,
1993/08/14,0,276,
1993/08/15,0,276,
1993/08/16,0,276,
1993/08/17,0,276,
1993/08/18,0,276,
1993/08/19,0,276,
1993/08/20,0,276,
1993/08/21,0,276,
1993/08/22,0,276,
1993/08/23,0,276,
1993/08/24,0,276,
1993/08/25,0,276,
1993/08/26,0,276,
1993/08/27,0,276,
1993/08/28,0,276,
1993/08/29,0,276,
1993/08/30,0,276,
1993/08/31,0,276,
1993/09/01,0,276,
1993/09/02,0,276,
1993/09/03,0,276,
1993/09/04,0,276,
1993/09/05,0,276,
1993/09/06,0,276,
1993/09/07,0,276,
1993/09/08,0,276,
1993/09/09,0,276,
1993/09/10,0,276,
1993/09/11,0,276,
1993/09/12,0,276,
1993/09/13,10,286,
1993/09/14,0,286,
1993/09/15,0,286,
1993/09/16,1,287,
1993/09/17,0,287,
1993/09/18,0,287,
1993/09/19,0,287,
1993/09/20,0,287,
1993/09/21,0,287,
1993/09/22,0,287,
1993/09/23,0,287,
1993/09/24,0,287,
1993/09/25,0,287,
1993/09/26,0,287,
1993/09/27,0,287,
1993/09/28,0,287,
1993/09/29,0,287,
1993/09/30,0,287,
1993/10/01,0,287,
1993/10/02,0,287,
1993/10/03,0,287,
1993/10/04,0,287,
1993/10/05,0,287,
1993/10/06,0,287,
1993/10/07,0,287,
1993/10/08,0,287,
1993/10/09,0,287,
1993/10/10,0,287,
1993/10/11,0,287,
1993/10/12,0,287,
1993/10/13,0,287,
1993/10/14,0,287,
1993/10/15,0,287,
1993/10/16,0,287,
1993/10/17,0,287,
1993/10/18,0,287,
1993/10/19,0,287,
1993/10/20,0,287,
1993/10/21,0,287,
1993/10/22,0,287,
1993/10/23,0,287,
1993/10/24,0,287,
1993/10/25,0,287,
1993/10/26,0,287,
1993/10/27,0,287,
1993/10/28,0,287,
1993/10/29,0,287,
1993/10/30,0,287,
1993/10/31,0,287,
1993/11/01,0,287,
1993/11/02,0,287,
1993/11/03,0,287,
1993/11/04,0,287,
1993/11/05,0,287,
1993/11/06,0,287,
1993/11/07,0,287,
1993/11/08,0,287,
1993/11/09,0,287,
1993/11/10,0,287,
1993/11/11,0,287,
1993/11/12,0,287,
1993/11/13,0,287,
1993/11/14,0,287,
1993/11/15,0,287,
1993/11/16,0,287,
1993/11/17,0,287,
1993/11/18,0,287,
1993/11/19,0,287,
1993/11/20,0,287,
1993/11/21,0,287,
1993/11/22,0,287,
1993/11/23,0,287,
1993/11/24,0,287,
1993/11/25,0,287,
1993/11/26,0,287,
1993/11/27,0,287,
1993/11/28,0,287,
1993/11/29,0,287,
1993/11/30,0,287,
1993/12/01,0,287,
1993/12/02,0,287,
1993/12/03,0,287,
1993/12/04,0,287,
1993/12/05,0,287,
1993/12/06,1,288,
1993/12/07,0,288,
1993/12/08,0,288,
1993/12/09,0,288,
1993/12/10,0,288,
1993/12/11,0,288,
1993/12/12,1,289,
1993/12/13,5,294,
1993/12/14,0,294,
1993/12/15,3,297,
1993/12/16,1,298,
1993/12/17,0,298,
1993/12/18,0,298,
1993/12/19,0,298,
1993/12/20,0,298,
1993/12/21,1,299,
1993/12/22,0,299,
1993/12/23,0,299,
1993/12/24,1,300,
1993/12/25,0,300,
1993/12/26,0,300,
1993/12/27,0,300,
1993/12/28,0,300,
1993/12/29,1,301,
1993/12/30,0,301,
1993/12/31,0,301,
1994/01/01,0,301,
1994/01/02,2,303,
1994/01/03,0,303,
1994/01/04,0,303,
1994/01/05,0,303,
1994/01/06,0,303,
1994/01/07,0,303,
1994/01/08,0,303,
1994/01/09,0,303,
1994/01/10,1,304,
1994/01/11,1,305,
1994/01/12,0,305,
1994/01/13,0,305,
1994/01/14,0,305,
1994/01/15,0,305,
1994/01/16,0,305,
1994/01/17,0,305,
1994/01/18,0,305,
1994/01/19,0,305,
1994/01/20,0,305,
1994/01/21,0,305,
1994/01/22,0,305,
1994/01/23,0,305,
1994/01/24,0,305,
1994/01/25,0,305,
1994/01/26,0,305,
1994/01/27,0,305,
1994/01/28,0,305,
1994/01/29,0,305,
1994/01/30,1,306,
1994/01/31,0,306,
1994/02/01,0,306,
1994/02/02,0,306,
1994/02/03,0,306,
1994/02/04,0,306,
1994/02/05,0,306,
1994/02/06,0,306,
1994/02/07,0,306,
1994/02/08,0,306,
1994/02/09,0,306,
1994/02/10,0,306,
1994/02/11,0,306,
1994/02/12,0,306,
1994/02/13,0,306,
1994/02/14,0,306,
1994/02/15,1,307,
1994/02/16,0,307,
1994/02/17,0,307,
1994/02/18,0,307,
1994/02/19,0,307,
1994/02/20,0,307,
1994/02/21,0,307,
1994/02/22,0,307,
1994/02/23,0,307,
1994/02/24,0,307,
1994/02/25,0,307,
1994/02/26,0,307,
1994/02/27,0,307,
1994/02/28,0,307,
1994/03/01,1,308,
1994/03/02,0,308,
1994/03/03,4,312,
1994/03/04,1,313,
1994/03/05,1,314,
1994/03/06,0,314,
1994/03/07,0,314,
1994/03/08,0,314,
1994/03/09,0,314,
1994/03/10,1,315,
1994/03/11,0,315,
1994/03/12,0,315,
1994/03/13,0,315,
1994/03/14,0,315,
1994/03/15,0,315,
1994/03/16,0,315,
1994/03/17,1,316,
1994/03/18,0,316,
1994/03/19,0,316,
1994/03/20,0,316,
1994/03/21,1,317,
1994/03/22,0,317,
1994/03/23,0,317,
1994/03/24,0,317,
1994/03/25,0,317,
1994/03/26,0,317,
1994/03/27,0,317,
1994/03/28,0,317,
1994/03/29,0,317,
1994/03/30,0,317,
1994/03/31,0,317,
1994/04/01,0,317,
1994/04/02,0,317,
1994/04/03,0,317,
1994/04/04,0,317,
1994/04/05,1,318,
1994/04/06,0,318,
1994/04/07,0,318,
1994/04/08,0,318,
1994/04/09,0,318,
1994/04/10,0,318,
1994/04/11,0,318,
1994/04/12,1,319,
1994/04/13,0,319,
1994/04/14,0,319,
1994/04/15,0,319,
1994/04/16,0,319,
1994/04/17,0,319,
1994/04/18,0,319,
1994/04/19,0,319,
1994/04/20,1,320,
1994/04/21,0,320,
1994/04/22,0,320,
1994/04/23,0,320,
1994/04/24,0,320,
1994/04/25,0,320,
1994/04/26,0,320,
1994/04/27,0,320,
1994/04/28,0,320,
1994/04/29,0,320,
1994/04/30,0,320,
1994/05/01,0,320,
1994/05/02,0,320,
1994/05/03,0,320,
1994/05/04,0,320,
1994/05/05,0,320,
1994/05/06,0,320,
1994/05/07,0,320,
1994/05/08,0,320,
1994/05/09,1,321,
1994/05/10,0,321,
1994/05/11,0,321,
1994/05/12,0,321,
1994/05/13,0,321,
1994/05/14,2,323,
1994/05/15,13,336,
1994/05/16,4,340,
1994/05/17,1,341,
1994/05/18,0,341,
1994/05/19,0,341,
1994/05/20,0,341,
1994/05/21,0,341,
1994/05/22,0,341,
1994/05/23,0,341,
1994/05/24,0,341,
1994/05/25,0,341,
1994/05/26,0,341,
1994/05/27,3,344,
1994/05/28,0,344,
1994/05/29,0,344,
1994/05/30,0,344,
1994/05/31,0,344,
1994/06/01,0,344,
1994/06/02,34,378,
1994/06/03,25,403,
1994/06/04,0,403,
1994/06/05,0,403,
1994/06/06,1,404,
1994/06/07,0,404,
1994/06/08,0,404,
1994/06/09,0,404,
1994/06/10,0,404,
1994/06/11,0,404,
1994/06/12,0,404,
1994/06/13,0,404,
1994/06/14,0,404,
1994/06/15,0,404,
1994/06/16,0,404,
1994/06/17,0,404,
1994/06/18,2,406,
1994/06/19,0,406,
1994/06/20,0,406,
1994/06/21,0,406,
1994/06/22,1,407,
1994/06/23,0,407,
1994/06/24,0,407,
1994/06/25,0,407,
1994/06/26,0,407,
1994/06/27,0,407,
1994/06/28,0,407,
1994/06/29,0,407,
1994/06/30,0,407,
1994/07/01,0,407,
1994/07/02,0,407,
1994/07/03,0,407,
1994/07/04,0,407,
1994/07/05,0,407,
1994/07/06,0,407,
1994/07/07,0,407,
1994/07/08,0,407,
1994/07/09,0,407,
1994/07/10,0,407,
1994/07/11,0,407,
1994/07/12,0,407,
1994/07/13,0,407,
1994/07/14,0,407,
1994/07/15,0,407,
1994/07/16,0,407,
1994/07/17,0,407,
1994/07/18,0,407,
1994/07/19,0,407,
1994/07/20,0,407,
1994/07/21,0,407,
1994/07/22,0,407,
1994/07/23,0,407,
1994/07/24,0,407,
1994/07/25,0,407,
1994/07/26,0,407,
1994/07/27,0,407,
1994/07/28,0,407,
1994/07/29,0,407,
1994/07/30,0,407,
1994/07/31,0,407,
1994/08/01,0,407,
1994/08/02,0,407,
1994/08/03,0,407,
1994/08/04,0,407,
1994/08/05,0,407,
1994/08/06,0,407,
1994/08/07,0,407,
1994/08/08,0,407,
1994/08/09,0,407,
1994/08/10,0,407,
1994/08/11,0,407,
1994/08/12,0,407,
1994/08/13,0,407,
1994/08/14,0,407,
1994/08/15,0,407,
1994/08/16,0,407,
1994/08/17,0,407,
1994/08/18,0,407,
1994/08/19,0,407,
1994/08/20,0,407,
1994/08/21,0,407,
1994/08/22,0,407,
1994/08/23,0,407,
1994/08/24,4,411,
1994/08/25,2,413,
1994/08/26,0,413,
1994/08/27,2,415,
1994/08/28,2,417,
1994/08/29,0,417,
1994/08/30,0,417,
1994/08/31,20,437,
1994/09/01,0,437,
1994/09/02,0,437,
1994/09/03,0,437,
1994/09/04,0,437,
1994/09/05,0,437,
1994/09/06,0,437,
1994/09/07,0,437,
1994/09/08,0,437,
1994/09/09,0,437,
1994/09/10,0,437,
1994/09/11,0,437,
1994/09/12,0,437,
1994/09/13,0,437,
1994/09/14,0,437,
1994/09/15,0,437,
1994/09/16,0,437,
1994/09/17,2,439,
1994/09/18,0,439,
1994/09/19,0,439,
1994/09/20,0,439,
1994/09/21,0,439,
1994/09/22,0,439,
1994/09/23,0,439,
1994/09/24,1,440,
1994/09/25,0,440,
1994/09/26,0,440,
1994/09/27,0,440,
1994/09/28,0,440,
1994/09/29,0,440,
1994/09/30,0,440,
1994/10/01,0,440,
1994/10/02,0,440,
1994/10/03,0,440,
1994/10/04,0,440,
1994/10/05,0,440,
1994/10/06,0,440,
1994/10/07,0,440,
1994/10/08,0,440,
1994/10/09,0,440,
1994/10/10,0,440,
1994/10/11,0,440,
1994/10/12,0,440,
1994/10/13,0,440,
1994/10/14,0,440,
1994/10/15,0,440,
1994/10/16,0,440,
1994/10/17,0,440,
1994/10/18,0,440,
1994/10/19,0,440,
1994/10/20,0,440,
1994/10/21,0,440,
1994/10/22,0,440,
1994/10/23,1,441,
1994/10/24,0,441,
1994/10/25,0,441,
1994/10/26,0,441,
1994/10/27,0,441,
1994/10/28,0,441,
1994/10/29,0,441,
1994/10/30,0,441,
1994/10/31,0,441,
1994/11/01,0,441,
1994/11/02,0,441,
1994/11/03,1,442,
1994/11/04,0,442,
1994/11/05,0,442,
1994/11/06,0,442,
1994/11/07,2,444,
1994/11/08,1,445,
1994/11/09,1,446,
1994/11/10,0,446,
1994/11/11,0,446,
1994/11/12,9,455,
1994/11/13,1,456,
1994/11/14,1,457,
1994/11/15,1,458,
1994/11/16,0,458,
1994/11/17,1,459,
1994/11/18,0,459,
1994/11/19,2,461,
1994/11/20,0,461,
1994/11/21,1,462,
1994/11/22,1,463,
1994/11/23,1,464,
1994/11/24,0,464,
1994/11/25,25,489,
1994/11/26,2,491,
1994/11/27,71,562,
1994/11/28,31,593,
1994/11/29,2,595,
1994/11/30,133,728,
1994/12/01,76,804,
1994/12/02,38,842,
1994/12/03,18,860,
1994/12/04,7,867,
1994/12/05,5,872,
1994/12/06,3,875,
1994/12/07,138,1013,
1994/12/08,3,1016,
1994/12/09,4,1020,
1994/12/10,11,1031,
1994/12/11,5,1036,
1994/12/12,0,1036,
1994/12/13,3,1039,
1994/12/14,0,1039,
1994/12/15,4,1043,
1994/12/16,7,1050,
1994/12/17,2,1052,
1994/12/18,10,1062,
1994/12/19,0,1062,
1994/12/20,10,1072,
1994/12/21,5,1077,
1994/12/22,2,1079,
1994/12/23,0,1079,
1994/12/24,4,1083,
1994/12/25,2,1085,
1994/12/26,1,1086,
1994/12/27,16,1102,
1994/12/28,1,1103,
1994/12/29,3,1106,
1994/12/30,0,1106,
1994/12/31,1,1107,
1995/01/01,0,1107,
1995/01/02,1,1108,
1995/01/03,3,1111,
1995/01/04,3,1114,
1995/01/05,0,1114,
1995/01/06,0,1114,
1995/01/07,2,1116,
1995/01/08,1,1117,
1995/01/09,1,1118,
1995/01/10,0,1118,
1995/01/11,0,1118,
1995/01/12,0,1118,
1995/01/13,0,1118,
1995/01/14,0,1118,
1995/01/15,0,1118,
1995/01/16,0,1118,
1995/01/17,0,1118,
1995/01/18,2,1120,
1995/01/19,0,1120,
1995/01/20,0,1120,
1995/01/21,1,1121,
1995/01/22,0,1121,
1995/01/23,0,1121,
1995/01/24,1,1122,
1995/01/25,0,1122,
1995/01/26,1,1123,
1995/01/27,0,1123,
1995/01/28,0,1123,
1995/01/29,0,1123,
1995/01/30,1,1124,
1995/01/31,0,1124,
1995/02/01,0,1124,
1995/02/02,1,1125,
1995/02/03,3,1128,
1995/02/04,3,1131,
1995/02/05,0,1131,
1995/02/06,0,1131,
1995/02/07,1,1132,
1995/02/08,1,1133,
1995/02/09,1,1134,
1995/02/10,0,1134,
1995/02/11,0,1134,
1995/02/12,1,1135,
1995/02/13,0,1135,
1995/02/14,0,1135,
1995/02/15,0,1135,
1995/02/16,0,1135,
1995/02/17,0,1135,
1995/02/18,2,1137,
1995/02/19,0,1137,
1995/02/20,0,1137,
1995/02/21,1,1138,
1995/02/22,0,1138,
1995/02/23,0,1138,
1995/02/24,1,1139,
1995/02/25,0,1139,
1995/02/26,1,1140,
1995/02/27,0,1140,
1995/02/28,0,1140,
1995/03/01,1,1141,
1995/03/02,2,1143,
1995/03/03,2,1145,
1995/03/04,0,1145,
1995/03/05,5,1150,
1995/03/06,0,1150,
1995/03/07,1,1151,
1995/03/08,0,1151,
1995/03/09,0,1151,
1995/03/10,0,1151,
1995/03/11,0,1151,
1995/03/12,0,1151,
1995/03/13,6,1157,
1995/03/14,2,1159,
1995/03/15,5,1164,
1995/03/16,4,1168,
1995/03/17,3,1171,
1995/03/18,31,1202,
1995/03/19,8,1210,
1995/03/20,4,1214,
1995/03/21,16,1230,
1995/03/22,0,1230,
1995/03/23,0,1230,
1995/03/24,0,1230,
1995/03/25,0,1230,
1995/03/26,2,1232,
1995/03/27,0,1232,
1995/03/28,0,1232,
1995/03/29,0,1232,
1995/03/30,0,1232,
1995/03/31,0,1232,
1995/04/01,0,1232,
1995/04/02,0,1232,
1995/04/03,0,1232,
1995/04/04,0,1232,
1995/04/05,0,1232,
1995/04/06,0,1232,
1995/04/07,0,1232,
1995/04/08,0,1232,
1995/04/09,0,1232,
1995/04/10,0,1232,
1995/04/11,0,1232,
1995/04/12,2,1234,
1995/04/13,0,1234,
1995/04/14,1,1235,
1995/04/15,0,1235,
1995/04/16,1,1236,
1995/04/17,1,1237,
1995/04/18,1,1238,
1995/04/19,0,1238,
1995/04/20,1,1239,
1995/04/21,1,1240,
1995/04/22,1,1241,
1995/04/23,2,1243,
1995/04/24,0,1243,
1995/04/25,0,1243,
1995/04/26,3,1246,
1995/04/27,1,1247,
1995/04/28,2,1249,
1995/04/29,26,1275,
1995/04/30,1,1276,
1995/05/01,6,1282,
1995/05/02,0,1282,
1995/05/03,9,1291,
1995/05/04,2,1293,
1995/05/05,1,1294,
1995/05/06,1,1295,
1995/05/07,3,1298,
1995/05/08,0,1298,
1995/05/09,2,1300,
1995/05/10,0,1300,
1995/05/11,1,1301,
1995/05/12,14,1315,
1995/05/13,0,1315,
1995/05/14,3,1318,
1995/05/15,1,1319,
1995/05/16,3,1322,
1995/05/17,0,1322,
1995/05/18,3,1325,
1995/05/19,0,1325,
1995/05/20,0,1325,
1995/05/21,0,1325,
1995/05/22,1,1326,
1995/05/23,5,1331,
1995/05/24,1,1332,
1995/05/25,11,1343,
1995/05/26,2,1345,
1995/05/27,3,1348,
1995/05/28,2,1350,
1995/05/29,5,1355,
1995/05/30,4,1359,
1995/05/31,3,1362,
1995/06/01,1,1363,
1995/06/02,5,1368,
1995/06/03,7,1375,
1995/06/04,15,1390,
1995/06/05,4,1394,
1995/06/06,4,1398,
1995/06/07,2,1400,
1995/06/08,0,1400,
1995/06/09,4,1404,
1995/06/10,1,1405,
1995/06/11,4,1409,
1995/06/12,1,1410,
1995/06/13,1,1411,
1995/06/14,0,1411,
1995/06/15,9,1420,
1995/06/16,0,1420,
1995/06/17,3,1423,
1995/06/18,0,1423,
1995/06/19,1,1424,
1995/06/20,5,1429,
1995/06/21,2,1431,
1995/06/22,0,1431,
1995/06/23,3,1434,
1995/06/24,2,1436,
1995/06/25,7,1443,
1995/06/26,3,1446,
1995/06/27,4,1450,
1995/06/28,3,1453,
1995/06/29,9,1462,
1995/06/30,20,1482,
1995/07/01,15,1497,
1995/07/02,2,1499,
1995/07/03,1,1500,
1995/07/04,5,1505,
1995/07/05,3,1508,
1995/07/06,4,1512,
1995/07/07,2,1514,
1995/07/08,6,1520,
1995/07/09,5,1525,
1995/07/10,2,1527,
1995/07/11,1,1528,
1995/07/12,5,1533,
1995/07/13,0,1533,
1995/07/14,22,1555,
1995/07/15,33,1588,
1995/07/16,12,1600,
1995/07/17,15,1615,
1995/07/18,6,1621,
1995/07/19,9,1630,
1995/07/20,29,1659,
1995/07/21,4,1663,
1995/07/22,12,1675,
1995/07/23,11,1686,
1995/07/24,15,1701,
1995/07/25,17,1718,
1995/07/26,23,1741,
1995/07/27,25,1766,
1995/07/28,39,1805,
1995/07/29,11,1816,
1995/07/30,32,1848,
1995/07/31,19,1867,